source_path,source,original_split,split,raw_label,label,label_index,sha256,width,height,channels,image_format,status,reason,canonical_path
K:\人脸数据集\2013\test\angry\PrivateTest_1850005.jpg,2013,test,,angry,angry,0,900e9177b8dd4a177891ea22d04024afb93c1943279d50cd1b6e68eeb4bf2d36,48,48,1,JPEG,quarantined,cross_label_hash_conflict,
K:\人脸数据集\2013\test\angry\PrivateTest_24760870.jpg,2013,test,,angry,angry,0,45989fc80b1491c88c2dbe33a92605bf0a4fa822c286f9bd7a1999a6e6db1cb9,48,48,1,JPEG,quarantined,cross_label_hash_conflict,
K:\人脸数据集\2013\test\angry\PrivateTest_99012891.jpg,2013,test,,angry,angry,0,35a5e499e179360a5da52d92e3d48a55e76e26ba3dad53075912655cb50ccf6c,48,48,1,JPEG,quarantined,cross_label_hash_conflict,
K:\人脸数据集\2013\test\angry\PublicTest_5543497.jpg,2013,test,,angry,angry,0,7d95ea9b5675227952eaca2898cd12019f224ca9af14d757258a7ba7e9919b2c,48,48,1,JPEG,quarantined,cross_label_hash_conflict,
K:\人脸数据集\2013\test\angry\PublicTest_80419054.jpg,2013,test,,angry,angry,0,f9f1f73a7f064a5aead2d1c3f19462ccd21fdce16e0bd1885e797e6f2370fd7d,48,48,1,JPEG,quarantined,cross_label_hash_conflict,
K:\人脸数据集\2013\test\disgust\PublicTest_75786377.jpg,2013,test,,disgust,disgust,1,c467aecce4c7ebfb3ea527a207508f882a59b9fd3763b3b784be0be49769dd1e,48,48,1,JPEG,quarantined,cross_label_hash_conflict,
K:\人脸数据集\2013\test\fear\PrivateTest_29356749.jpg,2013,test,,fear,fear,2,d24a5177ff5a8e1d603a2b43cda396a709ea4802be4a45f7e8f7b78617c8b32d,48,48,1,JPEG,quarantined,cross_label_hash_conflict,
K:\人脸数据集\2013\test\fear\PrivateTest_4712911.jpg,2013,test,,fear,fear,2,befbcbde37c7c976b26ff838db6acb4e98834e6fb2c04b5f2e7855528ee6ddad,48,48,1,JPEG,quarantined,cross_label_hash_conflict,
K:\人脸数据集\2013\test\fear\PrivateTest_63034657.jpg,2013,test,,fear,fear,2,6ba91d9561fee22146b6dd8dd55447dac7d7f15f015581334f12b4a38347400d,48,48,1,JPEG,quarantined,cross_label_hash_conflict,
K:\人脸数据集\2013\test\fear\PrivateTest_71959086.jpg,2013,test,,fear,fear,2,65e08a468c2e713eb3e423a274149a97c85f86533a58ecf31656248c9e8b41a6,48,48,1,JPEG,quarantined,cross_label_hash_conflict,
K:\人脸数据集\2013\test\fear\PublicTest_11067233.jpg,2013,test,,fear,fear,2,f9f1f73a7f064a5aead2d1c3f19462ccd21fdce16e0bd1885e797e6f2370fd7d,48,48,1,JPEG,quarantined,cross_label_hash_conflict,
K:\人脸数据集\2013\test\fear\PublicTest_21354785.jpg,2013,test,,fear,fear,2,ba2fcb4996f444606801d07d1ac88145bf604716b024e04b961eb2d9d1e512d5,48,48,1,JPEG,quarantined,cross_label_hash_conflict,
K:\人脸数据集\2013\test\fear\PublicTest_34231050.jpg,2013,test,,fear,fear,2,4e718071b5b6e2decf99bfadd675e108b5f288903eab6f3516575c40a2fec9b4,48,48,1,JPEG,quarantined,cross_label_hash_conflict,
K:\人脸数据集\2013\test\fear\PublicTest_44233912.jpg,2013,test,,fear,fear,2,7cf07c03f5c5099bfb6ea7055f9a70b22458f30963032268c4ec40ac2e7707c3,48,48,1,JPEG,quarantined,cross_label_hash_conflict,
K:\人脸数据集\2013\test\fear\PublicTest_78036016.jpg,2013,test,,fear,fear,2,a583bd12fc6e0f50b964e52e717f1659473c5ef0341e6375d12033ff234f8d61,48,48,1,JPEG,quarantined,cross_label_hash_conflict,
K:\人脸数据集\2013\test\happy\PrivateTest_55497947.jpg,2013,test,,happy,happy,3,f31a4772b710998e810fdd6d4fb621076844f32f9d7628239304ec252a8ddcc8,48,48,1,JPEG,quarantined,cross_label_hash_conflict,
K:\人脸数据集\2013\test\happy\PrivateTest_73887528.jpg,2013,test,,happy,happy,3,cfe6caf46f69ca2df2a90b79adf51d3439fdcd1d270c59754876b86fd9994ed2,48,48,1,JPEG,quarantined,cross_label_hash_conflict,
K:\人脸数据集\2013\test\happy\PublicTest_64945856.jpg,2013,test,,happy,happy,3,61d2e34b31470116b629cea34fccfea97fb2ea422b731bea58a46287f23be7c4,48,48,1,JPEG,quarantined,cross_label_hash_conflict,
K:\人脸数据集\2013\test\neutral\PrivateTest_10767287.jpg,2013,test,,neutral,neutral,4,5c231ac5c8d77697b52c82694ac8ff0445ff48d66dc84aa342c084c71fb4cc82,48,48,1,JPEG,quarantined,cross_label_hash_conflict,
K:\人脸数据集\2013\test\sad\PrivateTest_39693209.jpg,2013,test,,sad,sad,5,200ac8bc39d686ea129cd47222c98de46b686793ebec188a73cd52a7348bee12,48,48,1,JPEG,quarantined,cross_label_hash_conflict,
K:\人脸数据集\2013\test\sad\PrivateTest_70680879.jpg,2013,test,,sad,sad,5,befbcbde37c7c976b26ff838db6acb4e98834e6fb2c04b5f2e7855528ee6ddad,48,48,1,JPEG,quarantined,cross_label_hash_conflict,
K:\人脸数据集\2013\test\sad\PrivateTest_8886048.jpg,2013,test,,sad,sad,5,dd106aa2b15f05100548a14497e8d1c977b9817f282641e02d4176b5bd7afc54,48,48,1,JPEG,quarantined,cross_label_hash_conflict,
K:\人脸数据集\2013\test\sad\PublicTest_3136229.jpg,2013,test,,sad,sad,5,b4bd717021b94f6842e85d89bd00b8d65010569bf8569f902de111a02d34bcd5,48,48,1,JPEG,quarantined,cross_label_hash_conflict,
K:\人脸数据集\2013\test\sad\PublicTest_376099.jpg,2013,test,,sad,sad,5,f211642b8b63bda2503fc49d408c7f67072f1b710b6801b8a7af326125482c0e,48,48,1,JPEG,quarantined,cross_label_hash_conflict,
K:\人脸数据集\2013\test\sad\PublicTest_61948626.jpg,2013,test,,sad,sad,5,befbcbde37c7c976b26ff838db6acb4e98834e6fb2c04b5f2e7855528ee6ddad,48,48,1,JPEG,quarantined,cross_label_hash_conflict,
K:\人脸数据集\2013\test\sad\PublicTest_86086159.jpg,2013,test,,sad,sad,5,a1551c60a2e46419b5234e791587918c2aeaeeb7d2914310244418a2b9b82c63,48,48,1,JPEG,quarantined,cross_label_hash_conflict,
K:\人脸数据集\2013\test\surprise\PrivateTest_44907068.jpg,2013,test,,surprise,surprise,6,d24a5177ff5a8e1d603a2b43cda396a709ea4802be4a45f7e8f7b78617c8b32d,48,48,1,JPEG,quarantined,cross_label_hash_conflict,
K:\人脸数据集\2013\test\surprise\PrivateTest_48967459.jpg,2013,test,,surprise,surprise,6,455f5a2c71ffe9a25cbb853a02aad0b7211a1f5c65bec57e9d13c557c731c3ba,48,48,1,JPEG,quarantined,cross_label_hash_conflict,
K:\人脸数据集\2013\test\surprise\PrivateTest_64218614.jpg,2013,test,,surprise,surprise,6,bde7b06ce5f4a454c15b966b455e8173e0430f8f27145928d962e974f6c8f1e6,48,48,1,JPEG,quarantined,cross_label_hash_conflict,
K:\人脸数据集\2013\test\surprise\PrivateTest_95404064.jpg,2013,test,,surprise,surprise,6,91bb2135d60f4a7e9d054d23ef295b8271d8ec76f547faa10952132285e567cb,48,48,1,JPEG,quarantined,cross_label_hash_conflict,
K:\人脸数据集\2013\test\surprise\PublicTest_10754294.jpg,2013,test,,surprise,surprise,6,bde7b06ce5f4a454c15b966b455e8173e0430f8f27145928d962e974f6c8f1e6,48,48,1,JPEG,quarantined,cross_label_hash_conflict,
K:\人脸数据集\2013\test\surprise\PublicTest_48991844.jpg,2013,test,,surprise,surprise,6,cfe6caf46f69ca2df2a90b79adf51d3439fdcd1d270c59754876b86fd9994ed2,48,48,1,JPEG,quarantined,cross_label_hash_conflict,
K:\人脸数据集\2013\test\surprise\PublicTest_75474602.jpg,2013,test,,surprise,surprise,6,3470c8a8b77d86a3fda906c7dca2d461fa5a4d6a18da82303c1f55b89fccc135,48,48,1,JPEG,quarantined,cross_label_hash_conflict,
K:\人脸数据集\2013\train\angry\Training_10131352.jpg,2013,train,,angry,angry,0,7d95ea9b5675227952eaca2898cd12019f224ca9af14d757258a7ba7e9919b2c,48,48,1,JPEG,quarantined,cross_label_hash_conflict,
K:\人脸数据集\2013\train\angry\Training_10857340.jpg,2013,train,,angry,angry,0,95eef42d8688868f7d73c45368d7f91456dcd3c6c939226c3779bf86cf7e5ba7,48,48,1,JPEG,quarantined,cross_label_hash_conflict,
K:\人脸数据集\2013\train\angry\Training_11036720.jpg,2013,train,,angry,angry,0,a1551c60a2e46419b5234e791587918c2aeaeeb7d2914310244418a2b9b82c63,48,48,1,JPEG,quarantined,cross_label_hash_conflict,
K:\人脸数据集\2013\train\angry\Training_13919685.jpg,2013,train,,angry,angry,0,da8382639d0fdf204f3b199066dc7a94045cd3c7763dfc3a1f7b1a0f7c609b31,48,48,1,JPEG,quarantined,cross_label_hash_conflict,
K:\人脸数据集\2013\train\angry\Training_22572626.jpg,2013,train,,angry,angry,0,b4bd717021b94f6842e85d89bd00b8d65010569bf8569f902de111a02d34bcd5,48,48,1,JPEG,quarantined,cross_label_hash_conflict,
K:\人脸数据集\2013\train\angry\Training_24511742.jpg,2013,train,,angry,angry,0,d5c76b1e809242720e3c473f7e511503c1953a61687a670618a6a82679ea31b2,48,48,1,JPEG,quarantined,cross_label_hash_conflict,
K:\人脸数据集\2013\train\angry\Training_28756096.jpg,2013,train,,angry,angry,0,7d95ea9b5675227952eaca2898cd12019f224ca9af14d757258a7ba7e9919b2c,48,48,1,JPEG,quarantined,cross_label_hash_conflict,
K:\人脸数据集\2013\train\angry\Training_29384255.jpg,2013,train,,angry,angry,0,be5fd1442a5f0cc90f03944738969aadad1c929bba2107308d936e8c261fc29a,48,48,1,JPEG,quarantined,cross_label_hash_conflict,
K:\人脸数据集\2013\train\angry\Training_32571770.jpg,2013,train,,angry,angry,0,7d95ea9b5675227952eaca2898cd12019f224ca9af14d757258a7ba7e9919b2c,48,48,1,JPEG,quarantined,cross_label_hash_conflict,
K:\人脸数据集\2013\train\angry\Training_41634629.jpg,2013,train,,angry,angry,0,e154f25905db0102df406a7784828b3e3371d0df20178da0f1a09049a134406b,48,48,1,JPEG,quarantined,cross_label_hash_conflict,
K:\人脸数据集\2013\train\angry\Training_52563817.jpg,2013,train,,angry,angry,0,7d95ea9b5675227952eaca2898cd12019f224ca9af14d757258a7ba7e9919b2c,48,48,1,JPEG,quarantined,cross_label_hash_conflict,
K:\人脸数据集\2013\train\angry\Training_5266938.jpg,2013,train,,angry,angry,0,9ef36a0584f2571dd4ce3c1403ea860bd3cdb8c1aeb3e4aa848fb830a95abfb5,48,48,1,JPEG,quarantined,cross_label_hash_conflict,
K:\人脸数据集\2013\train\angry\Training_59410566.jpg,2013,train,,angry,angry,0,bc7135f505198e95b1ca13b9139a095d17fc4d50730612ae865154b48e5908e7,48,48,1,JPEG,quarantined,cross_label_hash_conflict,
K:\人脸数据集\2013\train\angry\Training_67213645.jpg,2013,train,,angry,angry,0,e55f143bce37518b76a04816d36b333be8f924e0a104da32090213d1a1017d82,48,48,1,JPEG,quarantined,cross_label_hash_conflict,
K:\人脸数据集\2013\train\angry\Training_70731802.jpg,2013,train,,angry,angry,0,f03a83e83a0ff20ad585621e3fd0cbfebb759139131150a512b6578100c4664e,48,48,1,JPEG,quarantined,cross_label_hash_conflict,
K:\人脸数据集\2013\train\angry\Training_71282551.jpg,2013,train,,angry,angry,0,55c70ebbe8ff796cf07d3f066812e07fe97e4ae54976720a24ac4b8b453364a2,48,48,1,JPEG,quarantined,cross_label_hash_conflict,
K:\人脸数据集\2013\train\angry\Training_71646870.jpg,2013,train,,angry,angry,0,24e4ef151fe2569290f421101c336006c5c30dd671f5aa570c61d7f4374ee3e4,48,48,1,JPEG,quarantined,cross_label_hash_conflict,
K:\人脸数据集\2013\train\angry\Training_7193527.jpg,2013,train,,angry,angry,0,6ba91d9561fee22146b6dd8dd55447dac7d7f15f015581334f12b4a38347400d,48,48,1,JPEG,quarantined,cross_label_hash_conflict,
K:\人脸数据集\2013\train\angry\Training_78540321.jpg,2013,train,,angry,angry,0,7d95ea9b5675227952eaca2898cd12019f224ca9af14d757258a7ba7e9919b2c,48,48,1,JPEG,quarantined,cross_label_hash_conflict,
K:\人脸数据集\2013\train\angry\Training_81736376.jpg,2013,train,,angry,angry,0,469343c04b9983c1fb78efd7f69ef8cc18670c22fb82d683af973d99a96316cc,48,48,1,JPEG,quarantined,cross_label_hash_conflict,
K:\人脸数据集\2013\train\angry\Training_91086491.jpg,2013,train,,angry,angry,0,6ba91d9561fee22146b6dd8dd55447dac7d7f15f015581334f12b4a38347400d,48,48,1,JPEG,quarantined,cross_label_hash_conflict,
K:\人脸数据集\2013\train\angry\Training_92166104.jpg,2013,train,,angry,angry,0,c467aecce4c7ebfb3ea527a207508f882a59b9fd3763b3b784be0be49769dd1e,48,48,1,JPEG,quarantined,cross_label_hash_conflict,
K:\人脸数据集\2013\train\angry\Training_92732284.jpg,2013,train,,angry,angry,0,31b92518b24475f181142b5da8c08bc83f679516f8b2c1dc62ccab69b721273b,48,48,1,JPEG,quarantined,cross_label_hash_conflict,
K:\人脸数据集\2013\train\angry\Training_96520454.jpg,2013,train,,angry,angry,0,e056fef4ba9952da6befb987bdde35767d7c7622c0ca9e54d2e0431a742a291a,48,48,1,JPEG,quarantined,cross_label_hash_conflict,
K:\人脸数据集\2013\train\angry\Training_96661811.jpg,2013,train,,angry,angry,0,d5c76b1e809242720e3c473f7e511503c1953a61687a670618a6a82679ea31b2,48,48,1,JPEG,quarantined,cross_label_hash_conflict,
K:\人脸数据集\2013\train\angry\Training_96772745.jpg,2013,train,,angry,angry,0,7d95ea9b5675227952eaca2898cd12019f224ca9af14d757258a7ba7e9919b2c,48,48,1,JPEG,quarantined,cross_label_hash_conflict,
K:\人脸数据集\2013\train\angry\Training_99531165.jpg,2013,train,,angry,angry,0,7d95ea9b5675227952eaca2898cd12019f224ca9af14d757258a7ba7e9919b2c,48,48,1,JPEG,quarantined,cross_label_hash_conflict,
K:\人脸数据集\2013\train\disgust\Training_27574839.jpg,2013,train,,disgust,disgust,1,aa44b8078ff3cbb085efd0665a73a6424b93abceb79a180ddacb2e3daa6bc59a,48,48,1,JPEG,quarantined,cross_label_hash_conflict,
K:\人脸数据集\2013\train\disgust\Training_29267008.jpg,2013,train,,disgust,disgust,1,00567c7d6e6a818b519975b54a0bee17eab150fda91b951220d6f92f836ee47d,48,48,1,JPEG,quarantined,cross_label_hash_conflict,
K:\人脸数据集\2013\train\disgust\Training_46906248.jpg,2013,train,,disgust,disgust,1,00567c7d6e6a818b519975b54a0bee17eab150fda91b951220d6f92f836ee47d,48,48,1,JPEG,quarantined,cross_label_hash_conflict,
K:\人脸数据集\2013\train\disgust\Training_73889032.jpg,2013,train,,disgust,disgust,1,00567c7d6e6a818b519975b54a0bee17eab150fda91b951220d6f92f836ee47d,48,48,1,JPEG,quarantined,cross_label_hash_conflict,
K:\人脸数据集\2013\train\fear\Training_12587825.jpg,2013,train,,fear,fear,2,bde7b06ce5f4a454c15b966b455e8173e0430f8f27145928d962e974f6c8f1e6,48,48,1,JPEG,quarantined,cross_label_hash_conflict,
K:\人脸数据集\2013\train\fear\Training_14147384.jpg,2013,train,,fear,fear,2,a98683783945883d90d5d35347589334cf45dbede6dca5187f24d312335e6676,48,48,1,JPEG,quarantined,cross_label_hash_conflict,
K:\人脸数据集\2013\train\fear\Training_17262240.jpg,2013,train,,fear,fear,2,91bb2135d60f4a7e9d054d23ef295b8271d8ec76f547faa10952132285e567cb,48,48,1,JPEG,quarantined,cross_label_hash_conflict,
K:\人脸数据集\2013\train\fear\Training_18757160.jpg,2013,train,,fear,fear,2,bc7135f505198e95b1ca13b9139a095d17fc4d50730612ae865154b48e5908e7,48,48,1,JPEG,quarantined,cross_label_hash_conflict,
K:\人脸数据集\2013\train\fear\Training_19944949.jpg,2013,train,,fear,fear,2,da8382639d0fdf204f3b199066dc7a94045cd3c7763dfc3a1f7b1a0f7c609b31,48,48,1,JPEG,quarantined,cross_label_hash_conflict,
K:\人脸数据集\2013\train\fear\Training_22743028.jpg,2013,train,,fear,fear,2,65e08a468c2e713eb3e423a274149a97c85f86533a58ecf31656248c9e8b41a6,48,48,1,JPEG,quarantined,cross_label_hash_conflict,
K:\人脸数据集\2013\train\fear\Training_25298325.jpg,2013,train,,fear,fear,2,00567c7d6e6a818b519975b54a0bee17eab150fda91b951220d6f92f836ee47d,48,48,1,JPEG,quarantined,cross_label_hash_conflict,
K:\人脸数据集\2013\train\fear\Training_26544341.jpg,2013,train,,fear,fear,2,befbcbde37c7c976b26ff838db6acb4e98834e6fb2c04b5f2e7855528ee6ddad,48,48,1,JPEG,quarantined,cross_label_hash_conflict,
K:\人脸数据集\2013\train\fear\Training_28332840.jpg,2013,train,,fear,fear,2,571b411b02fdc2ed88fdeba57fffd0b5cccbb0d89ef8e09aab58004098ae23b8,48,48,1,JPEG,quarantined,cross_label_hash_conflict,
K:\人脸数据集\2013\train\fear\Training_48719914.jpg,2013,train,,fear,fear,2,befbcbde37c7c976b26ff838db6acb4e98834e6fb2c04b5f2e7855528ee6ddad,48,48,1,JPEG,quarantined,cross_label_hash_conflict,
K:\人脸数据集\2013\train\fear\Training_48938052.jpg,2013,train,,fear,fear,2,ba2fcb4996f444606801d07d1ac88145bf604716b024e04b961eb2d9d1e512d5,48,48,1,JPEG,quarantined,cross_label_hash_conflict,
K:\人脸数据集\2013\train\fear\Training_49712780.jpg,2013,train,,fear,fear,2,3470c8a8b77d86a3fda906c7dca2d461fa5a4d6a18da82303c1f55b89fccc135,48,48,1,JPEG,quarantined,cross_label_hash_conflict,
K:\人脸数据集\2013\train\fear\Training_49848909.jpg,2013,train,,fear,fear,2,787dd67d1cd481afff7e182ceb9e46296364be6e6ffa41c6a1e07a99085c15f2,48,48,1,JPEG,quarantined,cross_label_hash_conflict,
K:\人脸数据集\2013\train\fear\Training_51731782.jpg,2013,train,,fear,fear,2,31b92518b24475f181142b5da8c08bc83f679516f8b2c1dc62ccab69b721273b,48,48,1,JPEG,quarantined,cross_label_hash_conflict,
K:\人脸数据集\2013\train\fear\Training_54883964.jpg,2013,train,,fear,fear,2,900e9177b8dd4a177891ea22d04024afb93c1943279d50cd1b6e68eeb4bf2d36,48,48,1,JPEG,quarantined,cross_label_hash_conflict,
K:\人脸数据集\2013\train\fear\Training_6000078.jpg,2013,train,,fear,fear,2,4e718071b5b6e2decf99bfadd675e108b5f288903eab6f3516575c40a2fec9b4,48,48,1,JPEG,quarantined,cross_label_hash_conflict,
K:\人脸数据集\2013\train\fear\Training_61607854.jpg,2013,train,,fear,fear,2,c3c6c4fb6002cd5df3076f83ccbe18e0ae9ff61095e9219cdac9cec124490fea,48,48,1,JPEG,quarantined,cross_label_hash_conflict,
K:\人脸数据集\2013\train\fear\Training_62875184.jpg,2013,train,,fear,fear,2,c2466d48bcf81d59de2177852c6932f6c94b83405370d011631fe630b52b720f,48,48,1,JPEG,quarantined,cross_label_hash_conflict,
K:\人脸数据集\2013\train\fear\Training_68057622.jpg,2013,train,,fear,fear,2,f95bb184ff045216dfc736ca70dafb0c40a5a3d6e824c8ad9e89a363fb7d65aa,48,48,1,JPEG,quarantined,cross_label_hash_conflict,
K:\人脸数据集\2013\train\fear\Training_70012504.jpg,2013,train,,fear,fear,2,bde7b06ce5f4a454c15b966b455e8173e0430f8f27145928d962e974f6c8f1e6,48,48,1,JPEG,quarantined,cross_label_hash_conflict,
K:\人脸数据集\2013\train\fear\Training_71042019.jpg,2013,train,,fear,fear,2,e154f25905db0102df406a7784828b3e3371d0df20178da0f1a09049a134406b,48,48,1,JPEG,quarantined,cross_label_hash_conflict,
K:\人脸数据集\2013\train\fear\Training_7209365.jpg,2013,train,,fear,fear,2,161a9457d5003123ed0de94a488f3a7f8cc7e1fe3c582c3fbfc11dcc6a38e4df,48,48,1,JPEG,quarantined,cross_label_hash_conflict,
K:\人脸数据集\2013\train\fear\Training_73498575.jpg,2013,train,,fear,fear,2,db5e871f29e6259ffd7d7c86e71ed14b658bf4edc5e1b74a4835ce2eceea038f,48,48,1,JPEG,quarantined,cross_label_hash_conflict,
K:\人脸数据集\2013\train\fear\Training_74428465.jpg,2013,train,,fear,fear,2,35a5e499e179360a5da52d92e3d48a55e76e26ba3dad53075912655cb50ccf6c,48,48,1,JPEG,quarantined,cross_label_hash_conflict,
K:\人脸数据集\2013\train\fear\Training_74697679.jpg,2013,train,,fear,fear,2,200ac8bc39d686ea129cd47222c98de46b686793ebec188a73cd52a7348bee12,48,48,1,JPEG,quarantined,cross_label_hash_conflict,
K:\人脸数据集\2013\train\fear\Training_75482128.jpg,2013,train,,fear,fear,2,91bb2135d60f4a7e9d054d23ef295b8271d8ec76f547faa10952132285e567cb,48,48,1,JPEG,quarantined,cross_label_hash_conflict,
K:\人脸数据集\2013\train\fear\Training_8082420.jpg,2013,train,,fear,fear,2,099a979fe46008f0ca1a18010a24cacfb8409bbb74458354dc79c46b7217e196,48,48,1,JPEG,quarantined,cross_label_hash_conflict,
K:\人脸数据集\2013\train\fear\Training_84271530.jpg,2013,train,,fear,fear,2,5bc9dbb341c0f99bc1336e46dac92d15845d2e746bf4b4032b3fc99659690f54,48,48,1,JPEG,quarantined,cross_label_hash_conflict,
K:\人脸数据集\2013\train\fear\Training_84851490.jpg,2013,train,,fear,fear,2,dd106aa2b15f05100548a14497e8d1c977b9817f282641e02d4176b5bd7afc54,48,48,1,JPEG,quarantined,cross_label_hash_conflict,
K:\人脸数据集\2013\train\fear\Training_93990043.jpg,2013,train,,fear,fear,2,d24a5177ff5a8e1d603a2b43cda396a709ea4802be4a45f7e8f7b78617c8b32d,48,48,1,JPEG,quarantined,cross_label_hash_conflict,
K:\人脸数据集\2013\train\fear\Training_95223309.jpg,2013,train,,fear,fear,2,c3c6c4fb6002cd5df3076f83ccbe18e0ae9ff61095e9219cdac9cec124490fea,48,48,1,JPEG,quarantined,cross_label_hash_conflict,
K:\人脸数据集\2013\train\fear\Training_95389837.jpg,2013,train,,fear,fear,2,cf0d85f4c5d319bcf98e6c2fa47dd153bc775cd5d53b0cee9e17fcadd4c36ba7,48,48,1,JPEG,quarantined,cross_label_hash_conflict,
K:\人脸数据集\2013\train\fear\Training_98778307.jpg,2013,train,,fear,fear,2,8da50bd29e6229535200069af8c6f958eebe13d7c54fefe550046f746442c195,48,48,1,JPEG,quarantined,cross_label_hash_conflict,
K:\人脸数据集\2013\train\happy\Training_39084146.jpg,2013,train,,happy,happy,3,455f5a2c71ffe9a25cbb853a02aad0b7211a1f5c65bec57e9d13c557c731c3ba,48,48,1,JPEG,quarantined,cross_label_hash_conflict,
K:\人脸数据集\2013\train\happy\Training_87607167.jpg,2013,train,,happy,happy,3,7d95ea9b5675227952eaca2898cd12019f224ca9af14d757258a7ba7e9919b2c,48,48,1,JPEG,quarantined,cross_label_hash_conflict,
K:\人脸数据集\2013\train\happy\Training_94928306.jpg,2013,train,,happy,happy,3,26bea2f8e1061751133a59b2ed374700e805e444c09a3b422741a72abfe5eab9,48,48,1,JPEG,quarantined,cross_label_hash_conflict,
K:\人脸数据集\2013\train\neutral\Training_13952103.jpg,2013,train,,neutral,neutral,4,787dd67d1cd481afff7e182ceb9e46296364be6e6ffa41c6a1e07a99085c15f2,48,48,1,JPEG,quarantined,cross_label_hash_conflict,
K:\人脸数据集\2013\train\neutral\Training_19484835.jpg,2013,train,,neutral,neutral,4,787dd67d1cd481afff7e182ceb9e46296364be6e6ffa41c6a1e07a99085c15f2,48,48,1,JPEG,quarantined,cross_label_hash_conflict,
K:\人脸数据集\2013\train\neutral\Training_20860064.jpg,2013,train,,neutral,neutral,4,b75410acf715d28a09dd71341ce270b2c5210e1bc02f4c2e56e38a3dd5dff37f,48,48,1,JPEG,quarantined,cross_label_hash_conflict,
K:\人脸数据集\2013\train\neutral\Training_25602436.jpg,2013,train,,neutral,neutral,4,8da50bd29e6229535200069af8c6f958eebe13d7c54fefe550046f746442c195,48,48,1,JPEG,quarantined,cross_label_hash_conflict,
K:\人脸数据集\2013\train\neutral\Training_38757141.jpg,2013,train,,neutral,neutral,4,7cf07c03f5c5099bfb6ea7055f9a70b22458f30963032268c4ec40ac2e7707c3,48,48,1,JPEG,quarantined,cross_label_hash_conflict,
K:\人脸数据集\2013\train\neutral\Training_58476436.jpg,2013,train,,neutral,neutral,4,161a9457d5003123ed0de94a488f3a7f8cc7e1fe3c582c3fbfc11dcc6a38e4df,48,48,1,JPEG,quarantined,cross_label_hash_conflict,
K:\人脸数据集\2013\train\neutral\Training_64154751.jpg,2013,train,,neutral,neutral,4,f211642b8b63bda2503fc49d408c7f67072f1b710b6801b8a7af326125482c0e,48,48,1,JPEG,quarantined,cross_label_hash_conflict,
K:\人脸数据集\2013\train\neutral\Training_6666393.jpg,2013,train,,neutral,neutral,4,9ef36a0584f2571dd4ce3c1403ea860bd3cdb8c1aeb3e4aa848fb830a95abfb5,48,48,1,JPEG,quarantined,cross_label_hash_conflict,
K:\人脸数据集\2013\train\neutral\Training_7776648.jpg,2013,train,,neutral,neutral,4,61d2e34b31470116b629cea34fccfea97fb2ea422b731bea58a46287f23be7c4,48,48,1,JPEG,quarantined,cross_label_hash_conflict,
K:\人脸数据集\2013\train\neutral\Training_85804759.jpg,2013,train,,neutral,neutral,4,f03a83e83a0ff20ad585621e3fd0cbfebb759139131150a512b6578100c4664e,48,48,1,JPEG,quarantined,cross_label_hash_conflict,
K:\人脸数据集\2013\train\neutral\Training_89335926.jpg,2013,train,,neutral,neutral,4,7d95ea9b5675227952eaca2898cd12019f224ca9af14d757258a7ba7e9919b2c,48,48,1,JPEG,quarantined,cross_label_hash_conflict,
K:\人脸数据集\2013\train\sad\Training_13319523.jpg,2013,train,,sad,sad,5,a98683783945883d90d5d35347589334cf45dbede6dca5187f24d312335e6676,48,48,1,JPEG,quarantined,cross_label_hash_conflict,
K:\人脸数据集\2013\train\sad\Training_14784369.jpg,2013,train,,sad,sad,5,d5c76b1e809242720e3c473f7e511503c1953a61687a670618a6a82679ea31b2,48,48,1,JPEG,quarantined,cross_label_hash_conflict,
K:\人脸数据集\2013\train\sad\Training_25006533.jpg,2013,train,,sad,sad,5,5bc9dbb341c0f99bc1336e46dac92d15845d2e746bf4b4032b3fc99659690f54,48,48,1,JPEG,quarantined,cross_label_hash_conflict,
K:\人脸数据集\2013\train\sad\Training_33162240.jpg,2013,train,,sad,sad,5,95eef42d8688868f7d73c45368d7f91456dcd3c6c939226c3779bf86cf7e5ba7,48,48,1,JPEG,quarantined,cross_label_hash_conflict,
K:\人脸数据集\2013\train\sad\Training_34443905.jpg,2013,train,,sad,sad,5,55c70ebbe8ff796cf07d3f066812e07fe97e4ae54976720a24ac4b8b453364a2,48,48,1,JPEG,quarantined,cross_label_hash_conflict,
K:\人脸数据集\2013\train\sad\Training_4450363.jpg,2013,train,,sad,sad,5,a1551c60a2e46419b5234e791587918c2aeaeeb7d2914310244418a2b9b82c63,48,48,1,JPEG,quarantined,cross_label_hash_conflict,
K:\人脸数据集\2013\train\sad\Training_48621797.jpg,2013,train,,sad,sad,5,7d95ea9b5675227952eaca2898cd12019f224ca9af14d757258a7ba7e9919b2c,48,48,1,JPEG,quarantined,cross_label_hash_conflict,
K:\人脸数据集\2013\train\sad\Training_53775913.jpg,2013,train,,sad,sad,5,200ac8bc39d686ea129cd47222c98de46b686793ebec188a73cd52a7348bee12,48,48,1,JPEG,quarantined,cross_label_hash_conflict,
K:\人脸数据集\2013\train\sad\Training_54602400.jpg,2013,train,,sad,sad,5,befbcbde37c7c976b26ff838db6acb4e98834e6fb2c04b5f2e7855528ee6ddad,48,48,1,JPEG,quarantined,cross_label_hash_conflict,
K:\人脸数据集\2013\train\sad\Training_5499921.jpg,2013,train,,sad,sad,5,571b411b02fdc2ed88fdeba57fffd0b5cccbb0d89ef8e09aab58004098ae23b8,48,48,1,JPEG,quarantined,cross_label_hash_conflict,
K:\人脸数据集\2013\train\sad\Training_61977451.jpg,2013,train,,sad,sad,5,45989fc80b1491c88c2dbe33a92605bf0a4fa822c286f9bd7a1999a6e6db1cb9,48,48,1,JPEG,quarantined,cross_label_hash_conflict,
K:\人脸数据集\2013\train\sad\Training_70536939.jpg,2013,train,,sad,sad,5,e056fef4ba9952da6befb987bdde35767d7c7622c0ca9e54d2e0431a742a291a,48,48,1,JPEG,quarantined,cross_label_hash_conflict,
K:\人脸数据集\2013\train\sad\Training_76596885.jpg,2013,train,,sad,sad,5,65e08a468c2e713eb3e423a274149a97c85f86533a58ecf31656248c9e8b41a6,48,48,1,JPEG,quarantined,cross_label_hash_conflict,
K:\人脸数据集\2013\train\sad\Training_77595440.jpg,2013,train,,sad,sad,5,be5fd1442a5f0cc90f03944738969aadad1c929bba2107308d936e8c261fc29a,48,48,1,JPEG,quarantined,cross_label_hash_conflict,
K:\人脸数据集\2013\train\sad\Training_78533904.jpg,2013,train,,sad,sad,5,b75410acf715d28a09dd71341ce270b2c5210e1bc02f4c2e56e38a3dd5dff37f,48,48,1,JPEG,quarantined,cross_label_hash_conflict,
K:\人脸数据集\2013\train\sad\Training_79860018.jpg,2013,train,,sad,sad,5,45989fc80b1491c88c2dbe33a92605bf0a4fa822c286f9bd7a1999a6e6db1cb9,48,48,1,JPEG,quarantined,cross_label_hash_conflict,
K:\人脸数据集\2013\train\sad\Training_80348614.jpg,2013,train,,sad,sad,5,5c231ac5c8d77697b52c82694ac8ff0445ff48d66dc84aa342c084c71fb4cc82,48,48,1,JPEG,quarantined,cross_label_hash_conflict,
K:\人脸数据集\2013\train\sad\Training_85286134.jpg,2013,train,,sad,sad,5,c3c6c4fb6002cd5df3076f83ccbe18e0ae9ff61095e9219cdac9cec124490fea,48,48,1,JPEG,quarantined,cross_label_hash_conflict,
K:\人脸数据集\2013\train\sad\Training_86070061.jpg,2013,train,,sad,sad,5,469343c04b9983c1fb78efd7f69ef8cc18670c22fb82d683af973d99a96316cc,48,48,1,JPEG,quarantined,cross_label_hash_conflict,
K:\人脸数据集\2013\train\sad\Training_93190350.jpg,2013,train,,sad,sad,5,24e4ef151fe2569290f421101c336006c5c30dd671f5aa570c61d7f4374ee3e4,48,48,1,JPEG,quarantined,cross_label_hash_conflict,
K:\人脸数据集\2013\train\sad\Training_95029336.jpg,2013,train,,sad,sad,5,24e4ef151fe2569290f421101c336006c5c30dd671f5aa570c61d7f4374ee3e4,48,48,1,JPEG,quarantined,cross_label_hash_conflict,
K:\人脸数据集\2013\train\surprise\Training_12664104.jpg,2013,train,,surprise,surprise,6,ba2fcb4996f444606801d07d1ac88145bf604716b024e04b961eb2d9d1e512d5,48,48,1,JPEG,quarantined,cross_label_hash_conflict,
K:\人脸数据集\2013\train\surprise\Training_16801148.jpg,2013,train,,surprise,surprise,6,e55f143bce37518b76a04816d36b333be8f924e0a104da32090213d1a1017d82,48,48,1,JPEG,quarantined,cross_label_hash_conflict,
K:\人脸数据集\2013\train\surprise\Training_16829753.jpg,2013,train,,surprise,surprise,6,ba2fcb4996f444606801d07d1ac88145bf604716b024e04b961eb2d9d1e512d5,48,48,1,JPEG,quarantined,cross_label_hash_conflict,
K:\人脸数据集\2013\train\surprise\Training_21598338.jpg,2013,train,,surprise,surprise,6,099a979fe46008f0ca1a18010a24cacfb8409bbb74458354dc79c46b7217e196,48,48,1,JPEG,quarantined,cross_label_hash_conflict,
K:\人脸数据集\2013\train\surprise\Training_27057543.jpg,2013,train,,surprise,surprise,6,aa44b8078ff3cbb085efd0665a73a6424b93abceb79a180ddacb2e3daa6bc59a,48,48,1,JPEG,quarantined,cross_label_hash_conflict,
K:\人脸数据集\2013\train\surprise\Training_31179220.jpg,2013,train,,surprise,surprise,6,91bb2135d60f4a7e9d054d23ef295b8271d8ec76f547faa10952132285e567cb,48,48,1,JPEG,quarantined,cross_label_hash_conflict,
K:\人脸数据集\2013\train\surprise\Training_32429480.jpg,2013,train,,surprise,surprise,6,91bb2135d60f4a7e9d054d23ef295b8271d8ec76f547faa10952132285e567cb,48,48,1,JPEG,quarantined,cross_label_hash_conflict,
K:\人脸数据集\2013\train\surprise\Training_33954174.jpg,2013,train,,surprise,surprise,6,e55f143bce37518b76a04816d36b333be8f924e0a104da32090213d1a1017d82,48,48,1,JPEG,quarantined,cross_label_hash_conflict,
K:\人脸数据集\2013\train\surprise\Training_37971470.jpg,2013,train,,surprise,surprise,6,f31a4772b710998e810fdd6d4fb621076844f32f9d7628239304ec252a8ddcc8,48,48,1,JPEG,quarantined,cross_label_hash_conflict,
K:\人脸数据集\2013\train\surprise\Training_48403842.jpg,2013,train,,surprise,surprise,6,7d95ea9b5675227952eaca2898cd12019f224ca9af14d757258a7ba7e9919b2c,48,48,1,JPEG,quarantined,cross_label_hash_conflict,
K:\人脸数据集\2013\train\surprise\Training_50815216.jpg,2013,train,,surprise,surprise,6,c2466d48bcf81d59de2177852c6932f6c94b83405370d011631fe630b52b720f,48,48,1,JPEG,quarantined,cross_label_hash_conflict,
K:\人脸数据集\2013\train\surprise\Training_51008998.jpg,2013,train,,surprise,surprise,6,c2466d48bcf81d59de2177852c6932f6c94b83405370d011631fe630b52b720f,48,48,1,JPEG,quarantined,cross_label_hash_conflict,
K:\人脸数据集\2013\train\surprise\Training_53006838.jpg,2013,train,,surprise,surprise,6,91bb2135d60f4a7e9d054d23ef295b8271d8ec76f547faa10952132285e567cb,48,48,1,JPEG,quarantined,cross_label_hash_conflict,
K:\人脸数据集\2013\train\surprise\Training_5384838.jpg,2013,train,,surprise,surprise,6,aa44b8078ff3cbb085efd0665a73a6424b93abceb79a180ddacb2e3daa6bc59a,48,48,1,JPEG,quarantined,cross_label_hash_conflict,
K:\人脸数据集\2013\train\surprise\Training_5397902.jpg,2013,train,,surprise,surprise,6,db5e871f29e6259ffd7d7c86e71ed14b658bf4edc5e1b74a4835ce2eceea038f,48,48,1,JPEG,quarantined,cross_label_hash_conflict,
K:\人脸数据集\2013\train\surprise\Training_63470176.jpg,2013,train,,surprise,surprise,6,bde7b06ce5f4a454c15b966b455e8173e0430f8f27145928d962e974f6c8f1e6,48,48,1,JPEG,quarantined,cross_label_hash_conflict,
K:\人脸数据集\2013\train\surprise\Training_6432132.jpg,2013,train,,surprise,surprise,6,db5e871f29e6259ffd7d7c86e71ed14b658bf4edc5e1b74a4835ce2eceea038f,48,48,1,JPEG,quarantined,cross_label_hash_conflict,
K:\人脸数据集\2013\train\surprise\Training_65753783.jpg,2013,train,,surprise,surprise,6,91bb2135d60f4a7e9d054d23ef295b8271d8ec76f547faa10952132285e567cb,48,48,1,JPEG,quarantined,cross_label_hash_conflict,
K:\人脸数据集\2013\train\surprise\Training_67971518.jpg,2013,train,,surprise,surprise,6,aa44b8078ff3cbb085efd0665a73a6424b93abceb79a180ddacb2e3daa6bc59a,48,48,1,JPEG,quarantined,cross_label_hash_conflict,
K:\人脸数据集\2013\train\surprise\Training_72067308.jpg,2013,train,,surprise,surprise,6,f95bb184ff045216dfc736ca70dafb0c40a5a3d6e824c8ad9e89a363fb7d65aa,48,48,1,JPEG,quarantined,cross_label_hash_conflict,
K:\人脸数据集\2013\train\surprise\Training_73083745.jpg,2013,train,,surprise,surprise,6,f31a4772b710998e810fdd6d4fb621076844f32f9d7628239304ec252a8ddcc8,48,48,1,JPEG,quarantined,cross_label_hash_conflict,
K:\人脸数据集\2013\train\surprise\Training_73695325.jpg,2013,train,,surprise,surprise,6,f95bb184ff045216dfc736ca70dafb0c40a5a3d6e824c8ad9e89a363fb7d65aa,48,48,1,JPEG,quarantined,cross_label_hash_conflict,
K:\人脸数据集\2013\train\surprise\Training_79184422.jpg,2013,train,,surprise,surprise,6,db5e871f29e6259ffd7d7c86e71ed14b658bf4edc5e1b74a4835ce2eceea038f,48,48,1,JPEG,quarantined,cross_label_hash_conflict,
K:\人脸数据集\2013\train\surprise\Training_79485277.jpg,2013,train,,surprise,surprise,6,26bea2f8e1061751133a59b2ed374700e805e444c09a3b422741a72abfe5eab9,48,48,1,JPEG,quarantined,cross_label_hash_conflict,
K:\人脸数据集\2013\train\surprise\Training_81140215.jpg,2013,train,,surprise,surprise,6,f31a4772b710998e810fdd6d4fb621076844f32f9d7628239304ec252a8ddcc8,48,48,1,JPEG,quarantined,cross_label_hash_conflict,
K:\人脸数据集\2013\train\surprise\Training_82492123.jpg,2013,train,,surprise,surprise,6,cf0d85f4c5d319bcf98e6c2fa47dd153bc775cd5d53b0cee9e17fcadd4c36ba7,48,48,1,JPEG,quarantined,cross_label_hash_conflict,
K:\人脸数据集\2013\train\surprise\Training_89621882.jpg,2013,train,,surprise,surprise,6,4e718071b5b6e2decf99bfadd675e108b5f288903eab6f3516575c40a2fec9b4,48,48,1,JPEG,quarantined,cross_label_hash_conflict,
K:\人脸数据集\2013\train\surprise\Training_9419936.jpg,2013,train,,surprise,surprise,6,a583bd12fc6e0f50b964e52e717f1659473c5ef0341e6375d12033ff234f8d61,48,48,1,JPEG,quarantined,cross_label_hash_conflict,
K:\人脸数据集\archive (3)\Test\Anger\image0008055.jpg,archive (3),test,,Anger,angry,0,bf20aee1a85802f2733bbb5cb9ce4f676eb5968f34761bb00c50349b2c6e34da,96,96,3,JPEG,quarantined,cross_label_hash_conflict,
K:\人脸数据集\archive (3)\Test\Anger\image0009066.jpg,archive (3),test,,Anger,angry,0,e77b3bd9e9b0d7d81646ea50445ed3cd0a012bf079d971bb7830334bff0f59c4,96,96,3,JPEG,quarantined,cross_label_hash_conflict,
K:\人脸数据集\archive (3)\Test\Anger\image0019984.jpg,archive (3),test,,Anger,angry,0,e6e38d8146c56c28ae93b991e1ce6ae29287a527063070bd6e70c65752c43fbe,96,96,3,JPEG,quarantined,cross_label_hash_conflict,
K:\人脸数据集\archive (3)\Test\Anger\image0020103.jpg,archive (3),test,,Anger,angry,0,96dba7dc9426e60681bd97ec75bbc8cafbef873d5321239919c0e5e0d590e40b,96,96,3,JPEG,quarantined,cross_label_hash_conflict,
K:\人脸数据集\archive (3)\Test\Anger\image0021144.jpg,archive (3),test,,Anger,angry,0,e77b3bd9e9b0d7d81646ea50445ed3cd0a012bf079d971bb7830334bff0f59c4,96,96,3,JPEG,quarantined,cross_label_hash_conflict,
K:\人脸数据集\archive (3)\Test\Contempt\ffhq_17.png,archive (3),test,,surprise,surprise,6,bc7e30a966512713772d0263d5f172a8cdbb5b86f18a266c2c4d57c02f12f74d,96,96,3,PNG,quarantined,cross_label_hash_conflict,
K:\人脸数据集\archive (3)\Test\Contempt\ffhq_19.png,archive (3),test,,surprise,surprise,6,0ba2a796ab42731f2a2e9ee1ecf5f42beeef95759f44abbcabbf8d81f64ea57a,96,96,3,PNG,quarantined,cross_label_hash_conflict,
K:\人脸数据集\archive (3)\Test\disgust\ffhq_17.png,archive (3),test,,disgust,disgust,1,bc7e30a966512713772d0263d5f172a8cdbb5b86f18a266c2c4d57c02f12f74d,96,96,3,PNG,quarantined,cross_label_hash_conflict,
K:\人脸数据集\archive (3)\Test\disgust\ffhq_19.png,archive (3),test,,disgust,disgust,1,0ba2a796ab42731f2a2e9ee1ecf5f42beeef95759f44abbcabbf8d81f64ea57a,96,96,3,PNG,quarantined,cross_label_hash_conflict,
K:\人脸数据集\archive (3)\Test\disgust\image0036552.jpg,archive (3),test,,disgust,disgust,1,b2d1703619798c909d2d33da5ec94cf1fd2a6ac448be3895f8997dfa8d92ef49,96,96,3,JPEG,quarantined,cross_label_hash_conflict,
K:\人脸数据集\archive (3)\Test\fear\image0013242.jpg,archive (3),test,,fear,fear,2,9424721f0f3f2c1dddd0952375313158a13b5d5d2356fdb78bb1f2cbd09f3215,96,96,3,JPEG,quarantined,cross_label_hash_conflict,
K:\人脸数据集\archive (3)\Test\fear\image0013500.jpg,archive (3),test,,fear,fear,2,ed27b3551932821f65258c90238cabf0a714d614add253737de1d0bbf50734c5,96,96,3,JPEG,quarantined,cross_label_hash_conflict,
K:\人脸数据集\archive (3)\Test\fear\image0016933.jpg,archive (3),test,,fear,fear,2,ed27b3551932821f65258c90238cabf0a714d614add253737de1d0bbf50734c5,96,96,3,JPEG,quarantined,cross_label_hash_conflict,
K:\人脸数据集\archive (3)\Test\fear\image0019030.jpg,archive (3),test,,fear,fear,2,f83ca96ac1110d6ff20d3d2efedc07dfc37a94aa56850929922aae7952f57e10,96,96,3,JPEG,quarantined,cross_label_hash_conflict,
K:\人脸数据集\archive (3)\Test\fear\image0019421.jpg,archive (3),test,,fear,fear,2,7d8bc4922531ffac99c47683a8eb50315df4cd43958d2279681ef4dc63da5cb0,96,96,3,JPEG,quarantined,cross_label_hash_conflict,
K:\人脸数据集\archive (3)\Test\fear\image0021035.jpg,archive (3),test,,fear,fear,2,3af89ccbf2d3d40be93cb03c2c1ddf948a155d3d7b9a3f7f3b7707cef15705c4,96,96,3,JPEG,quarantined,cross_label_hash_conflict,
K:\人脸数据集\archive (3)\Test\fear\image0022597.jpg,archive (3),test,,fear,fear,2,ec9a1ae95b05d7b330bcee8460e4816914d4f746b93acf1126b78d332081cc70,96,96,3,JPEG,quarantined,cross_label_hash_conflict,
K:\人脸数据集\archive (3)\Test\fear\image0028501.jpg,archive (3),test,,fear,fear,2,b449b166dc3e485ea0c65f4d14309dd7842d3deef9b358044a2417947ff5c7d7,96,96,3,JPEG,quarantined,cross_label_hash_conflict,
K:\人脸数据集\archive (3)\Test\fear\image0029194.jpg,archive (3),test,,fear,fear,2,86f2e6b89fb6f222c6b4c27aa04b6b859204a7c1ece6d9c48b18c1f3d1168505,96,96,3,JPEG,quarantined,cross_label_hash_conflict,
K:\人脸数据集\archive (3)\Test\fear\image0031208.jpg,archive (3),test,,fear,fear,2,e6b1c3e44b3fa9b2d4ac48121bcbd44d15d5bd6ddaf22fc9a0129c4948c135fe,96,96,3,JPEG,quarantined,cross_label_hash_conflict,
K:\人脸数据集\archive (3)\Test\fear\image0031886.jpg,archive (3),test,,fear,fear,2,769b3a775ca16ac65fb9a8063ae84aac81b5ab25684de62a4c17382315dfc52d,96,96,3,JPEG,quarantined,cross_label_hash_conflict,
K:\人脸数据集\archive (3)\Test\fear\image0032376.jpg,archive (3),test,,fear,fear,2,6a343eec67030f7936662c78cc40c016a3645f2f818943d907dac4a936453f1b,96,96,3,JPEG,quarantined,cross_label_hash_conflict,
K:\人脸数据集\archive (3)\Test\fear\image0032697.jpg,archive (3),test,,fear,fear,2,e77b3bd9e9b0d7d81646ea50445ed3cd0a012bf079d971bb7830334bff0f59c4,96,96,3,JPEG,quarantined,cross_label_hash_conflict,
K:\人脸数据集\archive (3)\Test\fear\image0033185.jpg,archive (3),test,,fear,fear,2,e6e38d8146c56c28ae93b991e1ce6ae29287a527063070bd6e70c65752c43fbe,96,96,3,JPEG,quarantined,cross_label_hash_conflict,
K:\人脸数据集\archive (3)\Test\fear\image0034269.jpg,archive (3),test,,fear,fear,2,43c4a882ab22d0fd5bb437c02d5308728b4481ac097e492428e9af7981fee187,96,96,3,JPEG,quarantined,cross_label_hash_conflict,
K:\人脸数据集\archive (3)\Test\fear\image0034785.jpg,archive (3),test,,fear,fear,2,3e71afac2c5ae10f1a3d56d1f2a069dd06b0bda8af41251a9ecd29ee274c635f,96,96,3,JPEG,quarantined,cross_label_hash_conflict,
K:\人脸数据集\archive (3)\Test\fear\image0035368.jpg,archive (3),test,,fear,fear,2,b2d1703619798c909d2d33da5ec94cf1fd2a6ac448be3895f8997dfa8d92ef49,96,96,3,JPEG,quarantined,cross_label_hash_conflict,
K:\人脸数据集\archive (3)\Test\fear\image0035454.jpg,archive (3),test,,fear,fear,2,5a684168a1c7748b31d6779725d1b32aaf3f6b855037dba2f2eed6c945529ac7,96,96,3,JPEG,quarantined,cross_label_hash_conflict,
K:\人脸数据集\archive (3)\Test\fear\image0035581.jpg,archive (3),test,,fear,fear,2,f2b34ea56f63ada0d87b81cb668ef0bb291331d27a33377e3f61ff4f690e509f,96,96,3,JPEG,quarantined,cross_label_hash_conflict,
K:\人脸数据集\archive (3)\Test\sad\image0003990.jpg,archive (3),test,,sad,sad,5,3af89ccbf2d3d40be93cb03c2c1ddf948a155d3d7b9a3f7f3b7707cef15705c4,96,96,3,JPEG,quarantined,cross_label_hash_conflict,
K:\人脸数据集\archive (3)\Test\sad\image0012985.jpg,archive (3),test,,sad,sad,5,769b3a775ca16ac65fb9a8063ae84aac81b5ab25684de62a4c17382315dfc52d,96,96,3,JPEG,quarantined,cross_label_hash_conflict,
K:\人脸数据集\archive (3)\Test\sad\image0019292.jpg,archive (3),test,,sad,sad,5,7d8bc4922531ffac99c47683a8eb50315df4cd43958d2279681ef4dc63da5cb0,96,96,3,JPEG,quarantined,cross_label_hash_conflict,
K:\人脸数据集\archive (3)\Test\sad\image0019749.jpg,archive (3),test,,sad,sad,5,e64cb07d1c9a0b501dd00001274e5562b4bc0e4858c93feb85ca5beabfc8c470,96,96,3,JPEG,quarantined,cross_label_hash_conflict,
K:\人脸数据集\archive (3)\Test\sad\image0019857.jpg,archive (3),test,,sad,sad,5,9424721f0f3f2c1dddd0952375313158a13b5d5d2356fdb78bb1f2cbd09f3215,96,96,3,JPEG,quarantined,cross_label_hash_conflict,
K:\人脸数据集\archive (3)\Test\surprise\image0005059.jpg,archive (3),test,,surprise,surprise,6,08ddc7405f3990d0a102ae3ef97b3f9d25c79b585970ced5a06c67da53b9fcfe,96,96,3,JPEG,quarantined,cross_label_hash_conflict,
K:\人脸数据集\archive (3)\Test\surprise\image0005954.jpg,archive (3),test,,surprise,surprise,6,ed27b3551932821f65258c90238cabf0a714d614add253737de1d0bbf50734c5,96,96,3,JPEG,quarantined,cross_label_hash_conflict,
K:\人脸数据集\archive (3)\Test\surprise\image0006398.jpg,archive (3),test,,surprise,surprise,6,a9dd25869b5641cfb65725b03d52b01c024aa82a4980dc59f50c4498f037183d,96,96,3,JPEG,quarantined,cross_label_hash_conflict,
K:\人脸数据集\archive (3)\Test\surprise\image0011589.jpg,archive (3),test,,surprise,surprise,6,86f2e6b89fb6f222c6b4c27aa04b6b859204a7c1ece6d9c48b18c1f3d1168505,96,96,3,JPEG,quarantined,cross_label_hash_conflict,
K:\人脸数据集\archive (3)\Test\surprise\image0013362.jpg,archive (3),test,,surprise,surprise,6,bca12aaa6974eaeb04583ace21c0df6dfd0cc0b905688e2ffb5cb5c5d4a9df32,96,96,3,JPEG,quarantined,cross_label_hash_conflict,
K:\人脸数据集\archive (3)\Test\surprise\image0016750.jpg,archive (3),test,,surprise,surprise,6,ec9a1ae95b05d7b330bcee8460e4816914d4f746b93acf1126b78d332081cc70,96,96,3,JPEG,quarantined,cross_label_hash_conflict,
K:\人脸数据集\archive (3)\Test\surprise\image0020547.jpg,archive (3),test,,surprise,surprise,6,bd80712179d8fbdf6a62ab8c7e41229a0f945c9a1223342b45e790beac1204d0,96,96,3,JPEG,quarantined,cross_label_hash_conflict,
K:\人脸数据集\archive (3)\Test\surprise\image0020678.jpg,archive (3),test,,surprise,surprise,6,ed27b3551932821f65258c90238cabf0a714d614add253737de1d0bbf50734c5,96,96,3,JPEG,quarantined,cross_label_hash_conflict,
K:\人脸数据集\archive (3)\Test\surprise\image0023579.jpg,archive (3),test,,surprise,surprise,6,43c4a882ab22d0fd5bb437c02d5308728b4481ac097e492428e9af7981fee187,96,96,3,JPEG,quarantined,cross_label_hash_conflict,
K:\人脸数据集\archive (3)\Train\anger\image0024133.jpg,archive (3),train,,anger,angry,0,16ad1c0087f6675f790874baa0799a349b981ab98f5ee116053d682b6ca49dbc,96,96,3,JPEG,quarantined,cross_label_hash_conflict,
K:\人脸数据集\archive (3)\Train\anger\image0026881.jpg,archive (3),train,,anger,angry,0,169ba6bc27b6209242e6ba6fb626828024a7acfb2757d8c5dcfb751eadaba7a3,96,96,3,JPEG,quarantined,cross_label_hash_conflict,
K:\人脸数据集\archive (3)\Train\anger\image0027855.jpg,archive (3),train,,anger,angry,0,f83ca96ac1110d6ff20d3d2efedc07dfc37a94aa56850929922aae7952f57e10,96,96,3,JPEG,quarantined,cross_label_hash_conflict,
K:\人脸数据集\archive (3)\Train\anger\image0028441.jpg,archive (3),train,,anger,angry,0,1a4683a23ea913287c22b236a8e3bb26f4dbd5e71087c2aa9e111b1bb10f4133,96,96,3,JPEG,quarantined,cross_label_hash_conflict,
K:\人脸数据集\archive (3)\Train\anger\image0029134.jpg,archive (3),train,,anger,angry,0,7ee25a1e7ef4e4cc6517d3de367900bdc72c2e524b5ba76fdf7353e807173c9b,96,96,3,JPEG,quarantined,cross_label_hash_conflict,
K:\人脸数据集\archive (3)\Train\anger\image0029370.jpg,archive (3),train,,anger,angry,0,f2b34ea56f63ada0d87b81cb668ef0bb291331d27a33377e3f61ff4f690e509f,96,96,3,JPEG,quarantined,cross_label_hash_conflict,
K:\人脸数据集\archive (3)\Train\contempt\image0042551.jpg,archive (3),train,,happy,happy,3,d1c8e18235eeca5e60c33c15b589944155c4c3746f1542614c853767d7a3f9a5,96,96,3,JPEG,quarantined,cross_label_hash_conflict,
K:\人脸数据集\archive (3)\Train\disgust\image0037262.jpg,archive (3),train,,disgust,disgust,1,e64cb07d1c9a0b501dd00001274e5562b4bc0e4858c93feb85ca5beabfc8c470,96,96,3,JPEG,quarantined,cross_label_hash_conflict,
K:\人脸数据集\archive (3)\Train\disgust\image0039337.jpg,archive (3),train,,disgust,disgust,1,e64cb07d1c9a0b501dd00001274e5562b4bc0e4858c93feb85ca5beabfc8c470,96,96,3,JPEG,quarantined,cross_label_hash_conflict,
K:\人脸数据集\archive (3)\Train\disgust\image0041338.jpg,archive (3),train,,disgust,disgust,1,3e71afac2c5ae10f1a3d56d1f2a069dd06b0bda8af41251a9ecd29ee274c635f,96,96,3,JPEG,quarantined,cross_label_hash_conflict,
K:\人脸数据集\archive (3)\Train\disgust\image0041936.jpg,archive (3),train,,disgust,disgust,1,e64cb07d1c9a0b501dd00001274e5562b4bc0e4858c93feb85ca5beabfc8c470,96,96,3,JPEG,quarantined,cross_label_hash_conflict,
K:\人脸数据集\archive (3)\Train\disgust\image0042551.jpg,archive (3),train,,disgust,disgust,1,d1c8e18235eeca5e60c33c15b589944155c4c3746f1542614c853767d7a3f9a5,96,96,3,JPEG,quarantined,cross_label_hash_conflict,
K:\人脸数据集\archive (3)\Train\fear\image0036105.jpg,archive (3),train,,fear,fear,2,79ea0ecf9c0a7f46dac94482996f8a633a510fe4747622b505642b780f2cf647,96,96,3,JPEG,quarantined,cross_label_hash_conflict,
K:\人脸数据集\archive (3)\Train\fear\image0036218.jpg,archive (3),train,,fear,fear,2,f3e415e3c47ce61aa48405ddde9aa06446a9dc78c73e435a6ab17d00d465a93e,96,96,3,JPEG,quarantined,cross_label_hash_conflict,
K:\人脸数据集\archive (3)\Train\fear\image0036254.jpg,archive (3),train,,fear,fear,2,9424721f0f3f2c1dddd0952375313158a13b5d5d2356fdb78bb1f2cbd09f3215,96,96,3,JPEG,quarantined,cross_label_hash_conflict,
K:\人脸数据集\archive (3)\Train\fear\image0036365.jpg,archive (3),train,,fear,fear,2,a9dd25869b5641cfb65725b03d52b01c024aa82a4980dc59f50c4498f037183d,96,96,3,JPEG,quarantined,cross_label_hash_conflict,
K:\人脸数据集\archive (3)\Train\fear\image0036397.jpg,archive (3),train,,fear,fear,2,14e958bd1c6610283f0042daad364288d3fe84df9b69eddd66aa214d285cee9f,96,96,3,JPEG,quarantined,cross_label_hash_conflict,
K:\人脸数据集\archive (3)\Train\fear\image0036945.jpg,archive (3),train,,fear,fear,2,08ddc7405f3990d0a102ae3ef97b3f9d25c79b585970ced5a06c67da53b9fcfe,96,96,3,JPEG,quarantined,cross_label_hash_conflict,
K:\人脸数据集\archive (3)\Train\fear\image0037063.jpg,archive (3),train,,fear,fear,2,552d57272e9298ed9e16dd090824a8f6972d93abb350edb4e2c0adc132a1bd3a,96,96,3,JPEG,quarantined,cross_label_hash_conflict,
K:\人脸数据集\archive (3)\Train\fear\image0037422.jpg,archive (3),train,,fear,fear,2,f5ab1415a32d1f2073d9bd769ae03bf10f101bfdb5fc9ffdd076a22267bfaba2,96,96,3,JPEG,quarantined,cross_label_hash_conflict,
K:\人脸数据集\archive (3)\Train\fear\image0037498.jpg,archive (3),train,,fear,fear,2,96dba7dc9426e60681bd97ec75bbc8cafbef873d5321239919c0e5e0d590e40b,96,96,3,JPEG,quarantined,cross_label_hash_conflict,
K:\人脸数据集\archive (3)\Train\fear\image0037552.jpg,archive (3),train,,fear,fear,2,5cc060478c70bfb04cd55f88a88d58e665c212fa9ec204e8e03ccb7fcc230265,96,96,3,JPEG,quarantined,cross_label_hash_conflict,
K:\人脸数据集\archive (3)\Train\fear\image0038328.jpg,archive (3),train,,fear,fear,2,b449b166dc3e485ea0c65f4d14309dd7842d3deef9b358044a2417947ff5c7d7,96,96,3,JPEG,quarantined,cross_label_hash_conflict,
K:\人脸数据集\archive (3)\Train\fear\image0038443.jpg,archive (3),train,,fear,fear,2,5cc060478c70bfb04cd55f88a88d58e665c212fa9ec204e8e03ccb7fcc230265,96,96,3,JPEG,quarantined,cross_label_hash_conflict,
K:\人脸数据集\archive (3)\Train\fear\image0039244.jpg,archive (3),train,,fear,fear,2,bd80712179d8fbdf6a62ab8c7e41229a0f945c9a1223342b45e790beac1204d0,96,96,3,JPEG,quarantined,cross_label_hash_conflict,
K:\人脸数据集\archive (3)\Train\fear\image0039440.jpg,archive (3),train,,fear,fear,2,ed27b3551932821f65258c90238cabf0a714d614add253737de1d0bbf50734c5,96,96,3,JPEG,quarantined,cross_label_hash_conflict,
K:\人脸数据集\archive (3)\Train\fear\image0039569.jpg,archive (3),train,,fear,fear,2,b7b82f4da2d6ce612b64ff7b91ec2310718a9ed2e8ddcab62e0b6ecd70e58047,96,96,3,JPEG,quarantined,cross_label_hash_conflict,
K:\人脸数据集\archive (3)\Train\fear\image0039940.jpg,archive (3),train,,fear,fear,2,e6e38d8146c56c28ae93b991e1ce6ae29287a527063070bd6e70c65752c43fbe,96,96,3,JPEG,quarantined,cross_label_hash_conflict,
K:\人脸数据集\archive (3)\Train\fear\image0040194.jpg,archive (3),train,,fear,fear,2,6c2734421fbe134d4645f11d9a6928e61e749b2f6538c5596aa8ff329e7325c7,96,96,3,JPEG,quarantined,cross_label_hash_conflict,
K:\人脸数据集\archive (3)\Train\fear\image0040345.jpg,archive (3),train,,fear,fear,2,bca12aaa6974eaeb04583ace21c0df6dfd0cc0b905688e2ffb5cb5c5d4a9df32,96,96,3,JPEG,quarantined,cross_label_hash_conflict,
K:\人脸数据集\archive (3)\Train\fear\image0040441.jpg,archive (3),train,,fear,fear,2,588a11643a59ceacc1526f107bccb66f3226736e877c12001c21e5ef0a6fbddd,96,96,3,JPEG,quarantined,cross_label_hash_conflict,
K:\人脸数据集\archive (3)\Train\fear\image0040554.jpg,archive (3),train,,fear,fear,2,35b151a598e8ac47b0f6f9d3c327c80b62ed357cfceffdadfe071f210a064f31,96,96,3,JPEG,quarantined,cross_label_hash_conflict,
K:\人脸数据集\archive (3)\Train\neutral\image0014286.jpg,archive (3),train,,neutral,neutral,4,bf20aee1a85802f2733bbb5cb9ce4f676eb5968f34761bb00c50349b2c6e34da,96,96,3,JPEG,quarantined,cross_label_hash_conflict,
K:\人脸数据集\archive (3)\Train\sad\image0003990.jpg,archive (3),train,,sad,sad,5,3af89ccbf2d3d40be93cb03c2c1ddf948a155d3d7b9a3f7f3b7707cef15705c4,96,96,3,JPEG,quarantined,cross_label_hash_conflict,
K:\人脸数据集\archive (3)\Train\sad\image0012985.jpg,archive (3),train,,sad,sad,5,769b3a775ca16ac65fb9a8063ae84aac81b5ab25684de62a4c17382315dfc52d,96,96,3,JPEG,quarantined,cross_label_hash_conflict,
K:\人脸数据集\archive (3)\Train\sad\image0019292.jpg,archive (3),train,,sad,sad,5,7d8bc4922531ffac99c47683a8eb50315df4cd43958d2279681ef4dc63da5cb0,96,96,3,JPEG,quarantined,cross_label_hash_conflict,
K:\人脸数据集\archive (3)\Train\sad\image0019749.jpg,archive (3),train,,sad,sad,5,e64cb07d1c9a0b501dd00001274e5562b4bc0e4858c93feb85ca5beabfc8c470,96,96,3,JPEG,quarantined,cross_label_hash_conflict,
K:\人脸数据集\archive (3)\Train\sad\image0019857.jpg,archive (3),train,,sad,sad,5,9424721f0f3f2c1dddd0952375313158a13b5d5d2356fdb78bb1f2cbd09f3215,96,96,3,JPEG,quarantined,cross_label_hash_conflict,
K:\人脸数据集\archive (3)\Train\sad\image0021544.jpg,archive (3),train,,sad,sad,5,c1bf3af91dfb53b8c4a73814ca0d43731b0ca2b669ee87739da3f3feb15e422c,96,96,3,JPEG,quarantined,cross_label_hash_conflict,
K:\人脸数据集\archive (3)\Train\sad\image0022361.jpg,archive (3),train,,sad,sad,5,9424721f0f3f2c1dddd0952375313158a13b5d5d2356fdb78bb1f2cbd09f3215,96,96,3,JPEG,quarantined,cross_label_hash_conflict,
K:\人脸数据集\archive (3)\Train\sad\image0023557.jpg,archive (3),train,,sad,sad,5,16ad1c0087f6675f790874baa0799a349b981ab98f5ee116053d682b6ca49dbc,96,96,3,JPEG,quarantined,cross_label_hash_conflict,
K:\人脸数据集\archive (3)\Train\sad\image0024416.jpg,archive (3),train,,sad,sad,5,5cc060478c70bfb04cd55f88a88d58e665c212fa9ec204e8e03ccb7fcc230265,96,96,3,JPEG,quarantined,cross_label_hash_conflict,
K:\人脸数据集\archive (3)\Train\sad\image0025137.jpg,archive (3),train,,sad,sad,5,9cbb663e521338fd419495fb4902cbe1a248f83e7518774b2099ab8f2fe4a9c5,96,96,3,JPEG,quarantined,cross_label_hash_conflict,
K:\人脸数据集\archive (3)\Train\sad\image0026051.jpg,archive (3),train,,sad,sad,5,1a4683a23ea913287c22b236a8e3bb26f4dbd5e71087c2aa9e111b1bb10f4133,96,96,3,JPEG,quarantined,cross_label_hash_conflict,
K:\人脸数据集\archive (3)\Train\sad\image0028957.jpg,archive (3),train,,sad,sad,5,5cc060478c70bfb04cd55f88a88d58e665c212fa9ec204e8e03ccb7fcc230265,96,96,3,JPEG,quarantined,cross_label_hash_conflict,
K:\人脸数据集\archive (3)\Train\sad\image0029590.jpg,archive (3),train,,sad,sad,5,7ee25a1e7ef4e4cc6517d3de367900bdc72c2e524b5ba76fdf7353e807173c9b,96,96,3,JPEG,quarantined,cross_label_hash_conflict,
K:\人脸数据集\archive (3)\Train\sad\image0029901.jpg,archive (3),train,,sad,sad,5,5cc060478c70bfb04cd55f88a88d58e665c212fa9ec204e8e03ccb7fcc230265,96,96,3,JPEG,quarantined,cross_label_hash_conflict,
K:\人脸数据集\archive (3)\Train\surprise\image0024589.jpg,archive (3),train,,surprise,surprise,6,552d57272e9298ed9e16dd090824a8f6972d93abb350edb4e2c0adc132a1bd3a,96,96,3,JPEG,quarantined,cross_label_hash_conflict,
K:\人脸数据集\archive (3)\Train\surprise\image0024734.jpg,archive (3),train,,surprise,surprise,6,b449b166dc3e485ea0c65f4d14309dd7842d3deef9b358044a2417947ff5c7d7,96,96,3,JPEG,quarantined,cross_label_hash_conflict,
K:\人脸数据集\archive (3)\Train\surprise\image0025457.jpg,archive (3),train,,surprise,surprise,6,f3e415e3c47ce61aa48405ddde9aa06446a9dc78c73e435a6ab17d00d465a93e,96,96,3,JPEG,quarantined,cross_label_hash_conflict,
K:\人脸数据集\archive (3)\Train\surprise\image0025877.jpg,archive (3),train,,surprise,surprise,6,c1bf3af91dfb53b8c4a73814ca0d43731b0ca2b669ee87739da3f3feb15e422c,96,96,3,JPEG,quarantined,cross_label_hash_conflict,
K:\人脸数据集\archive (3)\Train\surprise\image0026419.jpg,archive (3),train,,surprise,surprise,6,6a343eec67030f7936662c78cc40c016a3645f2f818943d907dac4a936453f1b,96,96,3,JPEG,quarantined,cross_label_hash_conflict,
K:\人脸数据集\archive (3)\Train\surprise\image0026890.jpg,archive (3),train,,surprise,surprise,6,5a684168a1c7748b31d6779725d1b32aaf3f6b855037dba2f2eed6c945529ac7,96,96,3,JPEG,quarantined,cross_label_hash_conflict,
K:\人脸数据集\archive (3)\Train\surprise\image0027277.jpg,archive (3),train,,surprise,surprise,6,79ea0ecf9c0a7f46dac94482996f8a633a510fe4747622b505642b780f2cf647,96,96,3,JPEG,quarantined,cross_label_hash_conflict,
K:\人脸数据集\archive (3)\Train\surprise\image0027739.jpg,archive (3),train,,surprise,surprise,6,588a11643a59ceacc1526f107bccb66f3226736e877c12001c21e5ef0a6fbddd,96,96,3,JPEG,quarantined,cross_label_hash_conflict,
K:\人脸数据集\archive (3)\Train\surprise\image0028307.jpg,archive (3),train,,surprise,surprise,6,86f2e6b89fb6f222c6b4c27aa04b6b859204a7c1ece6d9c48b18c1f3d1168505,96,96,3,JPEG,quarantined,cross_label_hash_conflict,
K:\人脸数据集\archive (3)\Train\surprise\image0028847.jpg,archive (3),train,,surprise,surprise,6,f5ab1415a32d1f2073d9bd769ae03bf10f101bfdb5fc9ffdd076a22267bfaba2,96,96,3,JPEG,quarantined,cross_label_hash_conflict,
K:\人脸数据集\archive (3)\Train\surprise\image0029897.jpg,archive (3),train,,surprise,surprise,6,9cbb663e521338fd419495fb4902cbe1a248f83e7518774b2099ab8f2fe4a9c5,96,96,3,JPEG,quarantined,cross_label_hash_conflict,
K:\人脸数据集\archive (3)\Train\surprise\image0030112.jpg,archive (3),train,,surprise,surprise,6,ed27b3551932821f65258c90238cabf0a714d614add253737de1d0bbf50734c5,96,96,3,JPEG,quarantined,cross_label_hash_conflict,
K:\人脸数据集\archive (3)\Train\surprise\image0030206.jpg,archive (3),train,,surprise,surprise,6,169ba6bc27b6209242e6ba6fb626828024a7acfb2757d8c5dcfb751eadaba7a3,96,96,3,JPEG,quarantined,cross_label_hash_conflict,
K:\人脸数据集\archive (3)\Train\surprise\image0030567.jpg,archive (3),train,,surprise,surprise,6,6c2734421fbe134d4645f11d9a6928e61e749b2f6538c5596aa8ff329e7325c7,96,96,3,JPEG,quarantined,cross_label_hash_conflict,
K:\人脸数据集\archive (3)\Train\surprise\image0030863.jpg,archive (3),train,,surprise,surprise,6,b7b82f4da2d6ce612b64ff7b91ec2310718a9ed2e8ddcab62e0b6ecd70e58047,96,96,3,JPEG,quarantined,cross_label_hash_conflict,
K:\人脸数据集\archive (3)\Train\surprise\image0031691.jpg,archive (3),train,,surprise,surprise,6,e6b1c3e44b3fa9b2d4ac48121bcbd44d15d5bd6ddaf22fc9a0129c4948c135fe,96,96,3,JPEG,quarantined,cross_label_hash_conflict,
K:\人脸数据集\archive (3)\Train\surprise\image0034238.jpg,archive (3),train,,surprise,surprise,6,14e958bd1c6610283f0042daad364288d3fe84df9b69eddd66aa214d285cee9f,96,96,3,JPEG,quarantined,cross_label_hash_conflict,
K:\人脸数据集\archive (3)\Train\surprise\image0034346.jpg,archive (3),train,,surprise,surprise,6,35b151a598e8ac47b0f6f9d3c327c80b62ed357cfceffdadfe071f210a064f31,96,96,3,JPEG,quarantined,cross_label_hash_conflict,
